11,,10,9,8,7,6,5,4,3,2,1,,29,,30,,Cattle Pens,Cattle Pens,Cattle Pens,Cattle Pens,Cattle Pens,Cattle Pens,Cattle Pens,Cattle Pens,Cattle Pens,Cattle Pens,Cattle Pens,Cattle Pens,Cattle Pens,Cattle Pens,Cattle Pens,Cattle Pens,Cattle Pens,,Warehouse,Warehouse,Warehouse,Warehouse,Warehouse,Warehouse,Warehouse,Warehouse,Warehouse,
12,,,,,,,,,,,,,28,,31,,Cattle Pens,Cattle Pens,Cattle Pens,Cattle Pens,Cattle Pens,Cattle Pens,Cattle Pens,Cattle Pens,Cattle Pens,Cattle Pens,Cattle Pens,Cattle Pens,Cattle Pens,Cattle Pens,Cattle Pens,Cattle Pens,Cattle Pens,,Warehouse,Warehouse,Warehouse,Warehouse,Warehouse,Warehouse,Warehouse,Warehouse,Warehouse,
13,,14,15,16,17,18,19,20,21,22,23,,27,,32,,Cattle Pens,Cattle Pens,Cattle Pens,Cattle Pens,Cattle Pens,Cattle Pens,Cattle Pens,Cattle Pens,Cattle Pens,Cattle Pens,Cattle Pens,Cattle Pens,Cattle Pens,Cattle Pens,Cattle Pens,Cattle Pens,Cattle Pens,,Warehouse,Warehouse,Warehouse,Warehouse,Warehouse,Warehouse,Warehouse,Warehouse,Warehouse,
120x120 Arena,120x120 Arena,120x120 Arena,120x120 Arena,120x120 Arena,120x120 Arena,120x120 Arena,120x120 Arena,120x120 Arena,120x120 Arena,120x120 Arena,120x120 Arena,,26,,33,,Cattle Pens,Cattle Pens,Cattle Pens,Cattle Pens,Cattle Pens,Cattle Pens,Cattle Pens,Cattle Pens,Cattle Pens,Cattle Pens,Cattle Pens,Cattle Pens,Cattle Pens,Cattle Pens,Cattle Pens,Cattle Pens,Cattle Pens,,Warehouse,Warehouse,Warehouse,Warehouse,Warehouse,Warehouse,Warehouse,Warehouse,Warehouse,
120x120 Arena,120x120 Arena,120x120 Arena,120x120 Arena,120x120 Arena,120x120 Arena,120x120 Arena,120x120 Arena,120x120 Arena,120x120 Arena,120x120 Arena,120x120 Arena,,25,,34,,Cattle Pens,Cattle Pens,Cattle Pens,Cattle Pens,Cattle Pens,Cattle Pens,Cattle Pens,Cattle Pens,Cattle Pens,Cattle Pens,Cattle Pens,Cattle Pens,Cattle Pens,Cattle Pens,Cattle Pens,Cattle Pens,Cattle Pens,,Warehouse,Warehouse,Warehouse,Warehouse,Warehouse,Warehouse,Warehouse,Warehouse,Warehouse,
120x120 Arena,120x120 Arena,120x120 Arena,120x120 Arena,120x120 Arena,120x120 Arena,120x120 Arena,120x120 Arena,120x120 Arena,120x120 Arena,120x120 Arena,120x120 Arena,,24,,35,,Cattle Pens,Cattle Pens,Cattle Pens,Cattle Pens,Cattle Pens,Cattle Pens,Cattle Pens,Cattle Pens,Cattle Pens,Cattle Pens,Cattle Pens,Cattle Pens,Cattle Pens,Cattle Pens,Cattle Pens,Cattle Pens,Cattle Pens,,Warehouse,Warehouse,Warehouse,Warehouse,Warehouse,Warehouse,Warehouse,Warehouse,Warehouse,
120x120 Arena,120x120 Arena,120x120 Arena,120x120 Arena,120x120 Arena,120x120 Arena,120x120 Arena,120x120 Arena,120x120 Arena,120x120 Arena,120x120 Arena,120x120 Arena,,,,36,,Cattle Pens,Cattle Pens,Cattle Pens,Cattle Pens,Cattle Pens,Cattle Pens,Cattle Pens,Cattle Pens,Cattle Pens,Cattle Pens,Cattle Pens,Cattle Pens,Cattle Pens,Cattle Pens,Cattle Pens,Cattle Pens,Cattle Pens,,Warehouse,Warehouse,Warehouse,Warehouse,Warehouse,Warehouse,Warehouse,Warehouse,Warehouse,
120x120 Arena,120x120 Arena,120x120 Arena,120x120 Arena,120x120 Arena,120x120 Arena,120x120 Arena,120x120 Arena,120x120 Arena,120x120 Arena,120x120 Arena,120x120 Arena,,44,,37,,Cattle Pens,Cattle Pens,Cattle Pens,Cattle Pens,Cattle Pens,Cattle Pens,Cattle Pens,Cattle Pens,Cattle Pens,Cattle Pens,Cattle Pens,Cattle Pens,Cattle Pens,Cattle Pens,Cattle Pens,Cattle Pens,Cattle Pens,,Warehouse,Warehouse,Warehouse,Warehouse,Warehouse,Warehouse,Warehouse,Warehouse,Warehouse,
120x120 Arena,120x120 Arena,120x120 Arena,120x120 Arena,120x120 Arena,120x120 Arena,120x120 Arena,120x120 Arena,120x120 Arena,120x120 Arena,120x120 Arena,120x120 Arena,,43,,38,,Cattle Pens,Cattle Pens,Cattle Pens,Cattle Pens,Cattle Pens,Cattle Pens,Cattle Pens,Cattle Pens,Cattle Pens,Cattle Pens,Cattle Pens,Cattle Pens,Cattle Pens,Cattle Pens,Cattle Pens,Cattle Pens,Cattle Pens,,Warehouse,Warehouse,Warehouse,Warehouse,Warehouse,Warehouse,Warehouse,Warehouse,Warehouse,
120x120 Arena,120x120 Arena,120x120 Arena,120x120 Arena,120x120 Arena,120x120 Arena,120x120 Arena,120x120 Arena,120x120 Arena,120x120 Arena,120x120 Arena,120x120 Arena,,42,,39,,Cattle Pens,Cattle Pens,Cattle Pens,Cattle Pens,Cattle Pens,Cattle Pens,Cattle Pens,Cattle Pens,Cattle Pens,Cattle Pens,Cattle Pens,Cattle Pens,Cattle Pens,Cattle Pens,Cattle Pens,Cattle Pens,Cattle Pens,,Warehouse,Warehouse,Warehouse,Warehouse,Warehouse,Warehouse,Warehouse,Warehouse,Warehouse,
120x120 Arena,120x120 Arena,120x120 Arena,120x120 Arena,120x120 Arena,120x120 Arena,120x120 Arena,120x120 Arena,120x120 Arena,120x120 Arena,120x120 Arena,120x120 Arena,,41,,40,,Cattle Pens,Cattle Pens,Cattle Pens,Cattle Pens,Cattle Pens,Cattle Pens,Cattle Pens,Cattle Pens,Cattle Pens,Cattle Pens,Cattle Pens,Cattle Pens,Cattle Pens,Cattle Pens,Cattle Pens,Cattle Pens,Cattle Pens,,Warehouse,Warehouse,Warehouse,Warehouse,Warehouse,Warehouse,Warehouse,Warehouse,Warehouse,
120x120 Arena,120x120 Arena,120x120 Arena,120x120 Arena,120x120 Arena,120x120 Arena,120x120 Arena,120x120 Arena,120x120 Arena,120x120 Arena,120x120 Arena,120x120 Arena,,,Photo,,,Cattle Pens,Cattle Pens,Cattle Pens,Cattle Pens,Cattle Pens,Cattle Pens,Cattle Pens,Cattle Pens,Cattle Pens,Cattle Pens,Cattle Pens,Cattle Pens,Cattle Pens,Cattle Pens,Cattle Pens,Cattle Pens,Cattle Pens,,Warehouse,Warehouse,Warehouse,Warehouse,Warehouse,Warehouse,Warehouse,Warehouse,Warehouse,
120x120 Arena,120x120 Arena,120x120 Arena,120x120 Arena,120x120 Arena,120x120 Arena,120x120 Arena,120x120 Arena,120x120 Arena,120x120 Arena,120x120 Arena,120x120 Arena,,,,,,Cattle Pens,Cattle Pens,Cattle Pens,Cattle Pens,Cattle Pens,Cattle Pens,Cattle Pens,Cattle Pens,Cattle Pens,Cattle Pens,Cattle Pens,Cattle Pens,Cattle Pens,Cattle Pens,Cattle Pens,Cattle Pens,Cattle Pens,,Warehouse,Warehouse,Warehouse,Warehouse,Warehouse,Warehouse,Warehouse,Warehouse,Warehouse,
,,,,,,,,,,,,,,,,,,,,,,,,,,,,,,,,,,,,,,,,,,,,
,101,100,99,98,97,96,95,94,93,92,91,,Concession,Office,Offices,Offices,Restrooms,Restrooms,Restrooms,Wash Stalls,Wash Stalls,Wash Stalls,,280,281,,306,307,,332,333,,370,371,,396,397,,422,423,,448,449,
122,,,,,,,,,,,,,Concession,Office,Offices,Offices,Restrooms,Restrooms,Restrooms,Wash Stalls,Wash Stalls,Wash Stalls,,279,282,,305,308,,331,334,,369,372,,395,398,,421,424,,447,450,
123,,102,103,104,105,106,107,108,109,110,111,,Concession,Office,Offices,Offices,Restrooms,Restrooms,Restrooms,Wash Stalls,Wash Stalls,Wash Stalls,,278,283,,304,309,,330,335,,368,373,,394,399,,420,425,,446,451,
124,,121,120,119,118,117,116,115,114,113,112,,180,181,182,183,184,185,186,187,188,189,,277,284,,303,310,,329,336,,367,374,,393,400,,419,426,,445,452,
125,,,,,,,,,,,,,,,,,,,,,,,,276,285,,302,311,,328,337,,366,375,,392,401,,418,427,,444,453,
,,126,,129,130,131,132,133,134,135,136,,190,191,192,193,194,195,196,197,198,199,,275,286,,301,312,,327,338,,365,376,,391,402,,417,428,,443,454,
,,127,,144,143,142,141,140,139,138,137,,200,201,202,203,204,205,206,207,208,209,,274,287,,300,313,,326,339,,364,377,,390,403,,416,429,,442,455,
,,128,,,,,,,,,,,,,,,,,,,,,,273,288,,299,314,,325,340,,363,378,,389,404,,415,430,,441,456,
,,,145,146,147,148,149,150,151,152,153,,219,218,217,216,215,214,213,212,211,210,,272,289,,298,315,,324,341,,362,379,,388,405,,414,431,,440,457,
,,,,161,160,159,158,157,156,155,154,,220,221,222,223,224,225,226,227,228,229,,271,290,,297,316,,323,342,,361,380,,387,406,,413,432,,439,458,
,,,,,,,,,,,,,,,,,,,,,,,,270,291,,296,317,,322,343,,360,381,,386,407,,412,433,,438,459,
,,,,162,163,164,165,166,167,168,169,,239,238,237,236,235,234,233,232,231,230,,269,292,,295,318,,321,344,,359,382,,385,408,,411,434,,437,460,
,,,,Vet Clinic,Vet Clinic,175,174,173,172,171,170,,240,241,242,243,244,245,246,247,248,249,,268,293,,294,319,,320,345,,358,383,,384,409,,410,435,,436,461,
,,,,Vet Clinic,Vet Clinic,,,,,,,,,,,,,,,,,,,,,,,,,,,,,,,,,,,,,,,
,,,,Vet Clinic,Vet Clinic,Vet Clinic,Vet Clinic,176,177,178,179,,250,251,252,253,254,255,256,257,258,259,260,261,262,263,264,265,266,267,,,,346,347,348,349,350,351,352,353,354,355,356